Arrondissement,Noms du réseau,Nom du lieu culturel municipal,Adresse,Code postal,Ville,Province,Téléphone général,Site Internet,Longitude,Latitude,Description
Mercier–Hochelaga-Maisonneuve,"Espace pour la vie,Musée municipal",Biodôme de Montréal,"4777, avenue Pierre-De-Coubertin",H1V 1B3,Montréal,QC,514 868-3000,"http://www.facebook.com/Espacepourlavie,http://espacepourlavie.ca/biodome",-73.549709700000,45.559602300000," Voyagez sans bagage à Espace pour la vie. Entreprenez un périple immersif et sensoriel à travers les écosystèmes des Amériques au Biodôme. Vibrez au rythme des sons de la forêt tropicale, partez à la recherche des lynx dans l’érablière laurentienne, plongez au cœur du golfe du Saint-Laurent et passez faire un clin d’œil aux manchots dans les régions subpolaires.  Laissez nos animateurs scientifiques vous raconter les secrets de cette fascinante biodiversité.  "
Ville-Marie,Bibliothèque,Grande Bibliothèque - Bibliothèque et Archives nationales du Québec,"475, boulevard De Maisonneuve Est",H2L5C4,Montréal,QC,514 873-1100,"http://www.facebook.com/banqweb20,http://www.banq.qc.ca/accueil",-73.562312900000,45.515455300000," Située au cœur du Quartier latin de Montréal, la Grande Bibliothèque accueille près de 50 000 visiteurs par semaine. Elle offre un choix de plus de quatre millions de documents à emprunter et à consulter sur place – livres, revues, journaux, films et disques, cartes géographiques, microfilms, etc. – et la possibilité d'explorer les richesses des collections patrimoniales. Enfin, BAnQ y présente des centaines de manifestations culturelles par année à l'intention des adultes et des jeunes.La Grande Bibliothèque agit également comme bibliothèque centrale pour les Montréalais et les bibliothèques montréalaises, en vertu d'une entente avec la Ville de Montréal. De plus, la Bibliothèque dispense des services spécialisés destinés à plusieurs publics, notamment les jeunes de 13 ans et moins, les gens d'affaires, les nouveaux arrivants, les membres des communautés culturelles et les personnes atteintes de déficiences visuelles ou autres. "
Ahuntsic-Cartierville,Bibliothèque,Bibliothèque d'Ahuntsic,"10300, rue Lajeunesse",H3L 2E5,Montréal,QC,514 872-0568,"https://www.facebook.com/biblioahuntsic,http://ville.montreal.qc.ca/portal/page?_pageid=4276,5623059&_dad=portal&_schema=PORTAL&section=accueil&lieu=2",-73.663774500000,45.553920900000," Située au coeur du quartier Ahuntsic, face au parc du même nom, la bibliothèque occupe l'édifice Albert-Dumouchel, qu'elle partage avec la maison de la culture et le centre local d'emploi.On peut y admirer une dizaine d'oeuvres d'art, dont deux gravures d'Albert Dumouchel (1916-1971), un ancien résidant du quartier. Aux côtés de Pellan et de Borduas, Albert Dumouchel est considéré comme un des piliers de l'émergence de l'art contemporain au Québec. Il a produit plus de 2000 oeuvres et a formé plusieurs générations d'artistes à l'École des arts graphiques. On a voulu lui rendre hommage en donnant son nom à l'édifice. "
Montréal-Nord,Bibliothèque,Bibliothèque de Belleville,"10400, avenue de Belleville",H1H4Z7,Montréal,QC,514 328-4140,"http://ville.montreal.qc.ca/portal/page?_pageid=4276,5623059&_dad=portal&_schema=PORTAL&section=accueil&lieu=5",-73.642195700000,45.581949100000," La bibliothèque de Belleville, qui a ouvert ses portes en 1973, vibre au coeur de la vie de son quartier. Elle est implantée dans le parc Ottawa, à proximité de nombreux autres services offerts par l'arrondissement. "
Côte-des-Neiges–Notre-Dame-de-Grâce,Bibliothèque,Bibliothèque Benny,"6400, avenue de Monkland ",H4B 1H3 ,Montréal,QC,514 872-4147,"http://ville.montreal.qc.ca/portal/page?_pageid=4276,5623059&_dad=portal&_schema=PORTAL&section=accueil&lieu=6",-73.627692000000,45.465326800000," En 1956, la bibliothèque Benny ouvre ses portes dans un édifice qui abritait à l'origine la chapelle temporaire de la paroisse Sainte-Monica. Située aux abords d'un petit parc et choyée par un aménagement paysager luxuriant, la bibliothèque bénéficie d'un cadre pastoral dans un milieu urbain. En 1998, une mise aux normes du bâtiment permet de rajeunir les installations tout en conservant les caractéristiques de la chapelle ainsi que l'atmosphère chaleureuse et familiale qui fait son charme. Aujourd'hui, la bibliothèque poursuit son travail de modernisation et de diversification de ses collections afin d'offrir des services documentaires professionnels à tous les citoyens résidant à l'ouest du quartier Notre-Dame-de-Grâce. "
Saint-Laurent,Bibliothèque,Bibliothèque du Boisé,"2727, boulevard Thimens",H4R 1T4,Montréal,QC,514 855-6130,"https://www.facebook.com/bibliotheques.saint.laurent,http://ville.montreal.qc.ca/portal/page?_pageid=4276,5623059&_dad=portal&_schema=PORTAL&section=accueil&lieu=429",-73.705720400000,45.502847500000," La Bibliothèque du Boisé est stratégiquement située dans un secteur central de l'arrondissement de Saint-Laurent, à proximité du boisé du parc Marcel-Laurin. La présence même du parc a grandement influencé le design du bâtiment en parfaite harmonie avec le contexte naturel environnant. Moderne, à la fine pointe de la technologie, et d'une superficie de 4 286 m2, la bibliothèque du Boisé se distingue par la convivialité de ses espaces, la multiplicité des services et des lieux de rencontres et une programmation variée favorisant les échanges entre citoyens. La bibliothèque abrite également un centre d'exposition et une réserve muséale, qui viennent enrichir la portée culturelle et patrimoniale du lieu. "
Ahuntsic-Cartierville,Bibliothèque,Bibliothèque de Cartierville,"5900, rue De Salaberry",H4J 1J8,Montréal,QC,514 872-6989,"http://ville.montreal.qc.ca/portal/page?_pageid=4276,5623059&_dad=portal&_schema=PORTAL&section=accueil&lieu=10",-73.712992100000,45.527111200000," En juin 2002, à l'issue d'un partenariat d'une vingtaine d'années avec l'école secondaire Évangéline, la bibliothèque l'Acadie ferme ses portes et déménage dans les anciens locaux d'une épicerie de quartier, rue Grenet. Ainsi naît la bibliothèque de Cartierville, qui ouvre ses portes en février 2003.La bibliothèque offre une salle multifonctionnelle ouverte à tous les diffuseurs d'information communautaire et culturelle du quartier. Elle se veut aussi un lieu rassembleur pour la communauté, brisant l'isolement et favorisant l'intégration et l'épanouissement de chacun. "
Montréal-Nord,Bibliothèque,Bibliothèque Yves-Ryan,"4740, rue de Charleroi",H1H 1V2,Montréal,QC,514 328-4000 #4135 ,"http://ville.montreal.qc.ca/portal/page?_pageid=4276,5623059&_dad=portal&_schema=PORTAL&section=accueil&lieu=12",-73.631416700000,45.596510900000," La bibliothèque Charleroi est l'une des toutes premières au Québec à avoir informatisé ses activités. Située au coeur du territoire de Montréal-Nord, elle est la première des trois bibliothèques de l'arrondissement à voir le jour en 1970. C'est à cet endroit que l'on peut consulter, sur rendez-vous, le fonds d'archives Yves-Ryan relatant l'histoire de Montréal-Nord et de la Communauté urbaine de Montréal (CUM) de 1963 à 2001. "
Côte-des-Neiges–Notre-Dame-de-Grâce,Bibliothèque,Bibliothèque de Côte-des-Neiges,"5290, chemin de la Côte-des-Neiges",H3T 1Y2,Montréal,QC,514 872-6603,"http://ville.montreal.qc.ca/portal/page?_pageid=4276,5623059&_dad=portal&_schema=PORTAL&section=accueil&lieu=13",-73.622118100000,45.496062300000," En 1985, deux ans après son ouverture, la bibliothèque de Côte-des-Neiges recevait une mention de la Corporation des architectes du Québec pour la qualité et l'harmonie des formes du bâtiment. Dans la cage de son escalier, la bibliothèque expose une oeuvre non titrée de Astri Reusch (1983). Née en Guyanne britannique, cette artiste pluridisciplinaire demeure à Montréal. Sa production artistique est impressionnante, diversifiée et novatrice. "
Montréal-Nord,Bibliothèque,Bibliothèque de la Maison culturelle et communautaire de Montréal-Nord,"12002, boulevard Rolland",H1G 3W1,Montréal,QC,514 328-4000   #5626,"http://ville.montreal.qc.ca/portal/page?_pageid=4276,5623059&_dad=portal&_schema=PORTAL&section=accueil&lieu=8",-73.620673200000,45.616303900000," La bibliothèque de la Maison culturelle et communautaire de Montréal-Nord offre des collections variées pour tous les groupes d'âge, 16 postes informatiques et une grande salle réservée aux nombreuses animations.La facture moderne et recherchée de l'architecture de La Maison culturelle et communautaire de Montréal-Nord reflète l'importance accordée aux thèmes d'ouverture et d'accessibilité qui sont au coeur de la vocation communautaire de l'immeuble.  "
Ville-Marie,Bibliothèque,Bibliothèque Frontenac,"2550, rue Ontario",H2K 1W7,Montréal,QC,514 872-7888,"https://fr-fr.facebook.com/BiblioFrontenac?sk=app_2373072738,http://ville.montreal.qc.ca/portal/page?_pageid=4276,5623059&_dad=portal&_schema=PORTAL&section=accueil&lieu=16",-73.552612700000,45.533017600000," À partir de la station de métro Frontenac, une longue allée conduit à la bibliothèque Frontenac. Ouverte en 1989, celle-ci est installée dans un édifice moderne, doté de larges baies vitrées. La clarté y est omniprésente.Une oeuvre d'art de Michelle Héon, portant le titre ""Sais Site 2"", égaie le coin des internautes. Vittorio Fiorucci, le concepteur du petit bonhomme vert du ""Festival Juste pour rire"", y a également onçu un triptyque sculptural : trois chaises, soit deux en bronze et une en bois. Cette oeuvre, qui s'intitule ""Leçon d'histoire"", suscite beaucoup d'intérêt parmi les visiteurs. "
Le Sud-Ouest,Bibliothèque,Bibliothèque Georges-Vanier,"2450, rue Workman (angle Vinet)",H3J 1L8,Montréal,QC,514 872-2001,"https://fr-ca.facebook.com/pages/Biblioth%C3%A8que-Georges-Vanier/127518838221,http://ville.montreal.qc.ca/portal/page?_pageid=4276,5623059&_dad=portal&_schema=PORTAL&section=accueil&lieu=17",-73.575133200000,45.483521300000," Cette bibliothèque centenaire est la première bibliothèque publique de langue française construite au Canada et la plus ancienne succursale toujours en service sur le territoire de la Ville de Montréal. Rebaptisée plus d'une fois, la bibliothèque a survécu à une fermeture de 27 ans! Fermée en 1918 par mesure d'économie à la suite de la Grande Guerre de 1914-1918, c'est en 1947, grâce aux pressions de Georges Vanier qu'elle rouvrira enfin ses portes, sous le nom de bibliothèque Workman.Elle ouvrira de nouveau ses portes en 2004 après d'importantes rénovations. Des éléments architecturaux tels que les murs de brique originaux et les escaliers de fonte, qui ont jadis servi aux pompiers, rappellent aux usagers le riche passé de la bibliothèque. "
Anjou,Bibliothèque,Bibliothèque du Haut-Anjou,"7070, rue Jarry Est",H1J 1G4,Montréal,QC,514 493-8271,"https://fr-ca.facebook.com/lesbibliothequesanjou,http://ville.montreal.qc.ca/portal/page?_pageid=4276,5623059&_dad=portal&_schema=PORTAL&section=accueil&lieu=18",-73.575989000000,45.601288900000," En 1990, la bibliothèque du Haut-Anjou ouvre ses portes. Cette bibliothèque modeste, mais bien implantée dans le quartier, facilite l'accès des citoyens du secteur nord de l'arrondissement à la collection et aux services de la bibliothèque. "
Montréal-Nord,Bibliothèque,Bibliothèque Henri-Bourassa,"5400, boulevard Henri-Bourassa Est",H1G 2S9,Montréal,QC,514 328-4000   #4134,"http://ville.montreal.qc.ca/portal/page?_pageid=4276,5623059&_dad=portal&_schema=PORTAL&section=accueil&lieu=19",-73.625196700000,45.604670700000," Cet ancien bâtiment d'Hydro-Québec trouve une toute nouvelle vocation le 15 mai 1980 lorsqu'il devient la bibliothèque principale de Montréal-Nord, l'un des plus grands centres biblio-culturels de l'arrondissement. Il regroupe les services techniques, le service des acquisitions et l'administration. Une magnifique verrière y est aménagée et invite la clientèle à la lecture et à la détente. "
Mercier–Hochelaga-Maisonneuve,Bibliothèque,Bibliothèque d'Hochelaga,"1870, rue Davidson",H1W 2Y6,Montréal,QC,514 872-3666,"http://ville.montreal.qc.ca/portal/page?_pageid=4276,5623059&_dad=portal&_schema=PORTAL&section=accueil&lieu=20",-73.545517700000,45.542790100000," Inaugurée en 1962, la bibliothèque d'Hochelaga est l'une des deux bibliothèques spécialisées pour enfants à Montréal. Elle possède une collection importante de livres pour la jeunesse et 1 000 livres pour les adultes. "
Verdun,Bibliothèque,Bibliothèque de l’Île des Sœurs,"260, rue Elgar",H3E 1C9,Montréal,QC,514 765-7266,"https://www.facebook.com/bibliothequesdeverdun,http://ville.montreal.qc.ca/portal/page?_pageid=4276,5623059&_dad=portal&_schema=PORTAL&section=accueil&lieu=21",-73.546657100000,45.457140800000," Le 3 novembre 1990, pour mieux desservir la population de l'île des Soeurs, Verdun inaugure la bibliothèque du centre communautaire Elgar. Située à proximité du lac des Battures et d'un parc boisé, la bibliothèque a été agrandie en 2002-2003 par la célèbre firme d'architectes Dan Hanganu. "
L’Île-Bizard–Sainte-Geneviève,Bibliothèque,Bibliothèque de L'Île-Bizard,"500, montée de l'Église",H9C 1G9,Montréal,QC,514 620-6257,"https://fr-ca.facebook.com/pages/Biblioth%C3%A8que-de-L%C3%8Ele-Bizard/154367234984,http://ville.montreal.qc.ca/portal/page?_pageid=4276,5623059&_dad=portal&_schema=PORTAL&section=accueil&lieu=27",-73.882546100000,45.489477000000," En plus des services habituels (prêts de livres, de disques, de films, consultation de documents, etc.) la bibliothèque de L’Île-Bizard offre également une foule d’activités en tous genres. Elle abrite une oeuvre intitulée ""Et pourtant, elle tourne"", une création de Michèle Lapointe et de René Rioux. Les artistes expliquent ainsi leur démarche: « La grande fenêtre de la bibliothèque orientée plein midi donne envie de la franchir pour aller vers le soleil... ou alors... d'utiliser la lumière solaire pour marquer le midi. Ainsi naquit l'idée du cadran solaire. Passant au travers du toit et dans la structure de l'édifice, le cadran solaire franchit le mur de verre et passe de l'extérieur vers l'intérieur. L'heure se lit donc normalement de l'intérieur et se trouve être ainsi l'heure solaire vraie de la bibliothèque.» "
Côte-des-Neiges–Notre-Dame-de-Grâce,Bibliothèque,Bibliothèque interculturelle,"6767, chemin de la Côte-des-Neiges",H3S 2T6,Montréal,QC,514 868-4175,"http://ville.montreal.qc.ca/portal/page?_pageid=4276,5623059&_dad=portal&_schema=PORTAL&section=accueil&lieu=7",-73.636904500000,45.503243200000," À l'automne 2005, une nouvelle bibliothèque ouvrait ses portes et rejoignait le Réseau des bibliothèques de Montréal. Baptisée La Bibliothèque interculturelle, elle favorise la création de ponts entre les différentes cultures en offrant notamment des cours de langues, de la musique du monde et des oeuvres en langues étrangères comme l'arabe, le vietnamien, l'hindi, l'ourdou et le tamoul. C'est la première bibliothèque de Montréal à posséder une collection de livres en tagalog (philippin). La conversion de l'immeuble à bureaux en bibliothèque et centre communautaire a représenté un défi architectural. Le décloisonnement, la rénovation et l'ajout d'ascenseurs, l'installation d'un nouveau système de climatisation, la rampe d'accès pour fauteuils roulants et la fenestration d'une partie importante de la façade de l'immeuble font partie des nombreuses modifications qui ont été apportées afin de rendre « le 6767 » facilement reconnaissable et agréable à fréquenter. "
Anjou,Bibliothèque,Bibliothèque Jean-Corbeil,"7500, avenue Goncourt",H1K 3X9,Montréal,QC,514 493-8260,"https://fr-ca.facebook.com/lesbibliothequesanjou,http://ville.montreal.qc.ca/portal/page?_pageid=4276,5623059&_dad=portal&_schema=PORTAL&section=accueil&lieu=22",-73.558403600000,45.602958400000," La bibliothèque d'Anjou a été fondée par un citoyen bénévole en 1964. C'est en 1984 que la ville d'Anjou inaugure le bâtiment actuel dont l'image, la superficie et la luminosité respirent le modernisme. En 2003, l'édifice est nommé bibliothèque Jean-Corbeil afin de rendre hommage au maire Jean Corbeil (1934-2002), qui a présidé à la destinée de la ville de 1973 à 1988 et dont la ténacité a permis la construction de la bibliothèque actuelle. Celle-ci conserve et expose de nombreuses oeuvres d'art acquises par le Fonds du patrimoine culturel angevin. "
Rosemont–La Petite-Patrie,Bibliothèque,Bibliothèque de La Petite-Patrie,"6707, avenue De Lorimier",H2G 2P8,Montréal,QC,514 872-1733,"https://www.facebook.com/bibliLaPetitePatrie,http://ville.montreal.qc.ca/portal/page?_pageid=4276,5623059&_dad=portal&_schema=PORTAL&section=accueil&lieu=25",-73.598255700000,45.547384800000," Cet édifice aux multiples fonctions a été construit en 1931 pour accueillir une salle de spectacle, un poste de police et une caserne de pompiers. En 1950, la salle de spectacle devient l'hôte de la bibliothèque de La Petite-Patrie. Aujourd'hui, la bibliothèque partage cet édifice avec la maison de la culture de Rosemont–La Petite-Patrie et la caserne 47. Sise à l'emplacement de l'ancienne scène de spectacle, une oeuvre de Michèle Lapointe, ""Le théâtre de papier"", évoque le théâtre oublié et l'évolution de la pensée humaine. L'oeuvre a été dévoilée à l'occasion de l'ouverture de la maison de la culture et de la rénovation de la bibliothèque, en 1987. "
Mercier–Hochelaga-Maisonneuve,Bibliothèque,Bibliothèque Langelier,"6473, rue Sherbrooke Est",H1N 1C5,Montréal,QC,514 872-2640,"https://en-gb.facebook.com/biblio.langelier,http://ville.montreal.qc.ca/portal/page?_pageid=4276,5623059&_dad=portal&_schema=PORTAL&section=accueil&lieu=24",-73.544068600000,45.581714700000," La bibliothèque Langelier abrite une oeuvre tout à fait représentative de l'engagement des bibliothèques dans leur milieu et de leur importance dans la dynamique communautaire et sociale : sur un des murs de la bibliothèque se dresse une magnifique murale illustrant des contes traditionnels. Un groupe de bénévoles de la bibliothèque était allé rencontrer de jeunes déficients intellectuels pour leur raconter les histoires du Chaperon rouge, du Petit Poucet, des Trois petits cochons ou d'Hansel et Gretel. Les jeunes artistes de l'atelier le Fil d'Ariane se sont ensuite inspirés de ces rencontres avec des personnages imaginaires pour créer une oeuvre tissée, empreinte de chaleur, de talent et d'accomplissement.Durant la saison estivale, la bibliothèque ouvre sa terrasse permettant à sa clientèle de profiter de de la lecture et du soleil! "
Villeray–Saint-Michel–Parc-Extension,Bibliothèque,Bibliothèque Le Prévost,"7355, avenue Christophe-Colomb",H2R 2S5,Montréal,QC,514 872-1523,"https://www.facebook.com/biblioleprevost,http://ville.montreal.qc.ca/portal/page?_pageid=4276,5623059&_dad=portal&_schema=PORTAL&section=accueil&lieu=26",-73.614576800000,45.543886900000," Installée dans les locaux du centre communautaire Patro Le Prévost depuis 1983, la bibliothèque du quartier Villeray, située auparavant près du marché Jean-Talon, était connue sous le nom de bibliothèque Shamrock. Cette appellation remonte à la création de l'institution, en 1947, dans l'édifice qui abritait également la caserne de pompiers de la rue Shamrock. On la considère comme la première bibliothèque de quartier de la Ville de Montréal. Dans la section jeunesse, on peut admirer une oeuvre de Lyse Charland-Favretti (1982), soit une verrière composée de six sections qui agissent comme autant de puits de lumière. Pour réaliser ces « cadres-sculptures », l'artiste a utilisé comme toile de fond des fils de nylon sur lesquels reposent chacune des compositions constituées d'éclats de verre. "
Mercier–Hochelaga-Maisonneuve,Bibliothèque,Bibliothèque Maisonneuve,"4120, rue Ontario Est",H1V 1J9,Montréal,QC,514 872-4213,"https://fr-ca.facebook.com/pages/Biblioth%C3%A8que-Maisonneuve/114960348594436,http://ville.montreal.qc.ca/portal/page?_pageid=4276,5623059&_dad=portal&_schema=PORTAL&section=accueil&lieu=29",-73.540721500000,45.551055500000," Lorsque l'on pénètre dans la bibliothèque Maisonneuve, on est frappé de voir des armoiries en céramique sur le plancher. C'est que l'édifice a servi d'hôtel de ville de l'ancienne municipalité de Maisonneuve de 1912 à 1918, année de son annexion à Montréal. En 1925, l'Institut du radium de l'Université de Montréal s'y installe. On y utilise le radium dans le traitement de certains cancers et pour la formation des radiologistes. Mary Travers, mieux connue sous le nom de La Bolduc, y meurt en 1941 à l'âge de 46 ans. L'institut ferme ses portes en 1967. En 1981, les locaux de la bibliothèque Maisonneuve y sont inaugurés. "
Rosemont–La Petite-Patrie,Bibliothèque,Bibliothèque Marc-Favreau,"500, boulevard Rosemont",H2S,Montréal,QC,514 872-7272,"https://fr-fr.facebook.com/bibliMarcFavreau,http://ville.montreal.qc.ca/portal/page?_pageid=4276,5623059&_dad=portal&_schema=PORTAL&section=accueil&lieu=18",-73.597809500000,45.531742700000," Située à deux pas du métro Rosemont, la bibliothèque Marc-Favreau, avec plus de 3000 m², est l’une des plus importantes du réseau. Nommée à la mémoire du comédien et créateur de Sol, cette bibliothèque moderne et avant-gardiste a été conçue selon quatre grands axes : vocation familiale, nouvelles technologies, design et développement durable. On y retrouve une salle de lecture pour les adultes, une pièce colorée, dotée d’un plancher chauffant pour les 0 à 4 ans et un coin à la fine pointe de la technologie pour les adolescents. "
Le Sud-Ouest,Bibliothèque,Bibliothèque Marie-Uguay,"6052, boulevard Monk",H4E 3H6,Montréal,QC,514 872-4097,"https://fr-fr.facebook.com/bibliomarieuguay,http://ville.montreal.qc.ca/portal/page?_pageid=4276,5623059&_dad=portal&_schema=PORTAL&section=accueil&lieu=30",-73.595553100000,45.457716900000," Sise à l'emplacement de l'ancien hôtel de ville de Ville-Émard, la bibliothèque a été baptisée en hommage à la jeune poétesse Marie Uguay, décédée du cancer en 1981, à l'âge de 26 ans. Cette auteure a fait l'objet de critiques élogieuses pour ses deux recueils de poèmes, Signe et Rumeur (1976) et L'outre vie (1979). En 1980, elle se fait connaître du public en participant à la Nuit de la poésie. Malgré la maladie, elle a poursuivi son oeuvre. À l'inauguration de la maison de la culture, en 1982, la maison d'édition Noroît lance le troisième recueil de la poétesse, Autoportraits. Depuis, afin de perpétuer cette oeuvre de Marie Uguay, résidante du quartier, la bibliothèque éponyme se fait un devoir et un plaisir de promouvoir la poésie et ses créateurs. "
Mercier–Hochelaga-Maisonneuve,Bibliothèque,Bibliothèque de Mercier,"8105, rue Hochelaga",H1L 2K9,Montréal,QC,514 872-8738,"https://www.facebook.com/pages/Biblioth%C3%A8que-Mercier/127819790586931,http://ville.montreal.qc.ca/portal/page?_pageid=4276,5623059&_dad=portal&_schema=PORTAL&section=accueil&lieu=31",-73.523345200000,45.595737100000," Dynamique! On ne peut mieux qualifier cette bibliothèque inaugurée en octobre 1989. De nombreux abonnés se sont regroupés et ont formé trois cercles littéraires pour adultes. De plus, l'Atelier d'histoire de la Longue-Pointe y poursuit ses activités permettant de mettre en valeur l'histoire et le patrimoine de cet important quartier montréalais. "
Le Plateau-Mont-Royal,Bibliothèque,Bibliothèque Mordecai-Richler,"5434, avenue du Parc",H2V 4G7,Montréal,QC,514 872-2141,"https://fr-fr.facebook.com/bibliothequedumileend,http://ville.montreal.qc.ca/portal/page?_pageid=4276,5623059&_dad=portal&_schema=PORTAL&section=accueil&lieu=32",-73.601569100000,45.521905200000," La bibliothèque Mordecai-Richler (anciennement bibliothèque du Mile End) occupe une place de choix au cœur de la vie communautaire de son quartier. Elle est située sur l’avenue du Parc dans l’ancienne église Church of the Ascension construite en 1910 et ayant conservé ses principaux éléments architecturaux.Elle offre une foule d'activités, d'ateliers et de conférences qui abordent des sujets pour petits et grands. En plus des documents en français et en anglais, la bibliothèque compte une vaste collection d’ouvrages en chinois et en espagnol. Elle se spécialise également dans les bandes dessinées et les guides de voyages, en plus d’offrir de nombreux disques compacts et de DVD. La section jeunesse se distingue aussi par sa Zone Ados qui offre un lieu de lecture et d'échange pour les 12 à 17 ans.Mordecai RichlerNé en 1931 dans une famille d’immigrants juifs de Montréal, Mordecai Richler était romancier, journaliste et polémiste. Par son œuvre évocatrice et provocante, Richler témoigne de son époque et de son lieu d'origine. C'est à partir de 1959, avec la publication du roman The Apprenticeship of Duddy Kravitz (L'apprentissage de Duddy Kravitz), qu'il est reconnu comme « l'un des plus grands romanciers du Canada et du monde entier ». Il remporte de nombreuses distinctions, dont deux prix du Gouverneur général (1968, 1971) et le Screenwriters Guild of America Award (1974). Cinq de ses romans ont été adaptés au cinéma, dont Barney's Versionen 2010. Il est décédé en 2001. "
Côte-des-Neiges–Notre-Dame-de-Grâce,Bibliothèque,Bibliothèque de Notre-Dame-de-Grâce,"3755, rue Botrel",H4A 3G8,Montréal,QC,514 872-2398,"http://ville.montreal.qc.ca/portal/page?_pageid=4276,5623059&_dad=portal&_schema=PORTAL&section=accueil&lieu=35",-73.614579000000,45.475510000000," Ouverte en 1984 dans un édifice bâti en 1910 et qui a longtemps servi de poste de police, la bibliothèque de Notre-Dame-de-Grâce prenait la relève de la petite bibliothèque qui existait depuis les années 1950 dans le manoir Notre-Dame-de-Grâce. Depuis des décennies, elle est une importante source de vie intellectuelle dans le quartier. Le bâtiment est reconnu pour sa valeur patrimoniale exceptionnelle. Il a été rénové en profondeur et à son seuil se trouve une oeuvre d'art: de monumentales portes en aluminium coulé à incrustation de verre clair et coloré. Elles sont l'oeuvre de la sculpteure montréalaise Sylvie Rochette. "
LaSalle,Bibliothèque,Bibliothèque L'Octogone,"1080, avenue Dollard",H8N 2T9,Montréal,QC,514 367-6376,"https://fr-ca.facebook.com/BibliothequeLOctogone,http://ville.montreal.qc.ca/portal/page?_pageid=4276,5623059&_dad=portal&_schema=PORTAL&section=accueil&lieu=28",-73.623449100000,45.424339600000," La bibliothèque de LaSalle, construite en 1984, tire son nom de sa forme architecturale : elle est composée de deux octogones dont l'un, le plus grand, abrite la collection des adultes et l'autre, la section réservée aux enfants. De longues fenêtres sur les côtés de l'octogone apportent un éclairage naturel et permettent une vue sur le parc Félix-Leclerc.La sculpture extérieure, intitulée ""Signal dans l'espace"", a été réalisée par Claude Lamarche, artiste pluridisciplinaire. Elle guide le citoyen vers le lieu culturel lasallois. Pour l'artiste, l'oeuvre représente un signal de la nécessité d'encourager l'acte créateur et la liberté d'expression. "
Villeray–Saint-Michel–Parc-Extension,Bibliothèque,Bibliothèque de Parc-Extension,"421, rue Saint-Roch",H3N 1K2,Montréal,QC,514 872-6071,"https://www.facebook.com/bibliodeparcextension,http://ville.montreal.qc.ca/portal/page?_pageid=4276,5623059&_dad=portal&_schema=PORTAL&section=accueil&lieu=36",-73.628496700000,45.531173700000," Inaugurée en 2002, la bibliothèque de Parc-Extension est la deuxième bibliothèque multilingue du Réseau des bibliothèques de Montréal à voir le jour. Elle s'intègre au complexe William-Hingston, lequel offre une gamme de services communautaires, culturels, éducatifs, sportifs et de loisirs au sein d'un même ensemble immobilier. Dans le vaste local vitré de l'entrée, les visiteurs peuvent admirer une création de Lisette Lemieux intitulée ""Table des matières de supports du savoir"", réalisée en 1995. Véritable abécédaire mariant textures et matériaux, lettres et mots, l'oeuvre témoigne à la fois de la richesse du langage et des connaissances. Six autres oeuvres originales rendent compte d'une démarche de questionnement sur l'appartenance et l'origine dans ce quartier aux multiples provenances. "
Ville-Marie,Bibliothèque,Bibliothèque Père-Ambroise,"2093, rue de la Visitation",H2L 3C9,Montréal,QC,514 872-1633,"https://fr-fr.facebook.com/BiblioPereAmbroise,http://ville.montreal.qc.ca/portal/page?_pageid=4276,5623059&_dad=portal&_schema=PORTAL&section=accueil&lieu=11",-73.562670100000,45.522789200000," La nouvelle bibliothèque familiale Père-Ambroise a ouvert ses portes le 5 janvier 2009 et elle est située dans l'édifice de l'Association sportive et communautaire du Centre-Sud. Les collections adultes et jeunes sont présentées de manière innovatrice, c'est la couleur du rayonnage qui oriente les clientèles vers les collections qui leur sont destinées. Elles sont réparties de façon à ce que les adultes et les jeunes partagent le même espace de lecture.L'aménagement est fonctionnel, ludique et contemporain, avec un espace accru pour les personnes handicapées. Des panneaux de verre coloré et un plafond central vert vibrant donnent le ton et dynamisent l'espace. Les aires de lecture sont majoritairement situées près des fenêtres, avec vue sur le parc et la toiture végétale adjacente qui recouvre la piscine et la pataugeoire. "
Pierrefonds-Roxboro,Bibliothèque,Bibliothèque de Pierrefonds,"13555, boulevard Pierrefonds",H9A 1A6,Montréal,QC,514 620-4181,"http://ville.montreal.qc.ca/portal/page?_pageid=4276,5623059&_dad=portal&_schema=PORTAL&section=accueil&lieu=37",-73.847171500000,45.495191100000," ""Courbes et vent"", une oeuvre de Joëlle Morosoli, occupe une grande surface extérieure de la bibliothèque de Pierrefonds. Cette murale est en mouvement aux heures d'ouverture de la bibliothèque : des bandes de métal peintes de couleur blanche se transforment en feuilles et semblent se courber sous l'action du vent. L'artiste explique que « cette murale se veut le miroir d'un arbre japonais qui lui fait face ». Elle souligne aussi l'importance du mouvement que prend la murale : « Au début du mouvement, les branches blanches se courbent harmonieusement, puis à l'extrémité gauche, une branche se déplace plus rapidement pour créer à la fin du mouvement un enchevêtrement complexe de feuilles. Cet arbre stylisé reflète l'art oriental au travers de son apparente fragilité et de son rythme harmonieux. "
Le Plateau-Mont-Royal,Bibliothèque,Bibliothèque du Plateau-Mont-Royal,"465, avenue du Mont-Royal Est",H2J 1W3,Montréal,QC,514 872-2271,"https://www.facebook.com/bibliothequeduplateaumontroyal,http://ville.montreal.qc.ca/portal/page?_pageid=4276,5623059&_dad=portal&_schema=PORTAL&section=accueil&lieu=38",-73.582369400000,45.524823900000," L'édifice dans lequel logent la bibliothèque et la maison de la culture du Plateau-Mont-Royal a été construit en 1896 par les architectes Resther, père et fils. À l'époque, le bâtiment appartenait aux soeurs enseignantes de Sainte-Croix et logeait le pensionnat Saint-Basile pour jeunes filles. En 1984, la bibliothèque et la maison de la culture ouvrent leurs portes. Aujourd'hui, le bâtiment abrite également des logements pour les personnes âgées. Plusieurs oeuvres d'art sont exposées dans la bibliothèque, parmi lesquelles ""Courtepointes de chat"" des artistes Marie Décary et Lise Nantel, dans la section des enfants. Le comptoir de prêt de même que la salle de travail ont été réalisés par la sculpteure Lisette Lemieux; ils consistent en un ensemble de cloisons-paravents ajourées en bois d'érable. "
Rivière-des-Prairies–Pointe-aux-Trembles,Bibliothèque,Bibliothèque de Pointe-aux-Trembles,"14001, rue Notre-Dame Est",H1A 1T9,Montréal,QC,514 872-6987,"http://ville.montreal.qc.ca/portal/page?_pageid=4276,5623059&_dad=portal&_schema=PORTAL&section=accueil&lieu=39",-73.494404900000,45.667717300000," Implantée dans le quartier Pointe-aux-Trembles, la bibliothèque fait partie d'un complexe qui regroupe la maison de la culture et le Centre multimédia de l'est de Montréal. Le Centre multimédia est une entreprise en économie sociale qui a pour mission de démocratiser l'accès aux nouvelles technologies, soutenir la créativité et élargir les possibilités de production et de diffusion culturelles des organismes du milieu et des artistes montréalais en émergence. Les nouvelles technologies sont d'ailleurs au coeur du service offert par la bibliothèque Pointe-aux-Trembles. Seize postes multimédias sont mis gratuitement à la disposition de la clientèle dont quatre sont dédiés à la bureautique. "
Rivière-des-Prairies–Pointe-aux-Trembles,Bibliothèque,Bibliothèque de Rivière-des-Prairies,"9001, boulevard Perras",H1E 3J7,Montréal,QC,514 872-9425,"http://ville.montreal.qc.ca/portal/page?_pageid=4276,5623059&_dad=portal&_schema=PORTAL&section=accueil&lieu=43",-73.578817900000,45.649635600000," La bibliothèque de Rivière-des-Prairies est située au coeur du quartier. Tout autour se trouvent un centre communautaire où des organismes du quartier, dont une joujouthèque, ont leurs locaux, un aréna, un centre aquatique. La bibliothèque accueille une forte clientèle adolescente en raison de sa proximité avec l'école secondaire Jean-Grou qui est située tout à côté. La bibliothèque possède une salle d'exposition mise à la disposition de la maison de la culture Rivière-des-Prairies. "
Outremont,Bibliothèque,Bibliothèque Robert-Bourassa,"41, avenue Saint-Just",H2V 4T7,Montréal,QC,514 495-6208,"https://fr-ca.facebook.com/bibli.robert.bourassa,http://ville.montreal.qc.ca/portal/page?_pageid=4276,5623059&_dad=portal&_schema=PORTAL&section=accueil&lieu=44",-73.608501100000,45.517746000000," La bibliothèque Robert-Bourassa, située au 41 avenue Saint-Just, ouvre ses portes le 1er avril 1998. Le nouveau bâtiment, dont la superficie a été multipliée par sept comparativement à l'ancienne bibliothèque, offre des aires communicantes. Cette approche architecturale, qui fait grandement appel à la lumière naturelle, à l'innovation et à l'ouverture, permet le développement d'une synergie entre les différentes fonctions de la bibliothèque et les usagers. Sur les murs de la bibliothèque sont exposées des oeuvres d'art prêtées par la galerie d'art d'Outremont, adjacente, et qui complètent l'harmonie d'ensemble du bâtiment. "
Rosemont–La Petite-Patrie,Bibliothèque,Bibliothèque de Rosemont,"3131, boulevard Rosemont",H1Y 1M4,Montréal,QC,514 872-4701,"https://fr-fr.facebook.com/bibliRosemont?sk=app_2373072738,http://ville.montreal.qc.ca/portal/page?_pageid=4276,5623059&_dad=portal&_schema=PORTAL&section=accueil&lieu=45",-73.582018400000,45.551517500000," La construction de cet édifice de style art déco a été terminée en 1949. Lors des rénovations de 2003, une attention toute particulière a été portée à la conservation des caractéristiques de ce style architectural tout en offrant plus d'espace et de services aux usagers. "
Pierrefonds-Roxboro,Bibliothèque,Bibliothèque de Roxboro,"110, rue Cartier",H8Y 1G8,Montréal,QC,514 684-8247,"http://ville.montreal.qc.ca/portal/page?_pageid=4276,5623059&_dad=portal&_schema=PORTAL&section=accueil&lieu=46",-73.813309100000,45.504133400000," L'implantation de cette bibliothèque a débuté en 1960. Des résidants ont alors fait appel à la participation de leurs concitoyens en recueillant des livres et en amassant des fonds, à raison de 1 $ par personne. À cette époque, on entreposait les livres dans le sous-sol d'une maison. Depuis, la bibliothèque a grandi et l'enthousiasme des citoyens ne s'est jamais démenti. "
Le Sud-Ouest,Bibliothèque,Bibliothèque de Saint-Charles,"2333, rue Mullins",H3K 3E3,Montréal,QC,514 872-3092,"https://www.facebook.com/pages/Biblioth%C3%A8que-Saint-Charles/218986748116634,http://ville.montreal.qc.ca/portal/page?_pageid=4276,5623059&_dad=portal&_schema=PORTAL&section=accueil&lieu=47",-73.564398400000,45.478840400000," Cette bibliothèque occupe elle aussi une ancienne caserne de pompiers, celle-là datant de 1891. En 1973, c'est sous la pression des citoyens que l'édifice est sauvé de la démolition et réaménagé. Dès son ouverture en 1976, la bibliothèque devient un véritable lieu de rencontre pour les résidants des environs. Dans ce quartier ouvrier aux multiples problématiques sociales, la bibliothèque devient le coeur vivant d'une participation citoyenne active.On y trouve une oeuvre d'art unique, intitulée ""Monsieur Philippe"". Il s'agit d'une table dessinée par Philippe Béha, un illustrateur montréalais d'origine marocaine au talent aussi intarissable que son imagination. La table a été réalisée par l'architecte Philippe Lupien. C'est sur le plateau de cette table insolite que les enfants viennent tous les jours faire leurs devoirs. Inspirant! "
Le Sud-Ouest,Bibliothèque,Bibliothèque de Saint-Henri,"4707, rue Notre-Dame Ouest",H4C 1S9,Montréal,QC,514 872-2879,"https://www.facebook.com/bibliosainthenri,http://ville.montreal.qc.ca/portal/page?_pageid=4276,5623059&_dad=portal&_schema=PORTAL&section=accueil&lieu=34",-73.588888000000,45.472677100000," Située au coeur du quartier Saint-Henri, la bibliothèque Notre-Dame est déménagée en face de ses anciens locaux pour s'installer au rez-de-chaussée d'une ancienne usine de la compagnie Asten Johnson. Cette nouvelle bibliothèque inaugurée en 2008 a troqué son nom pour Saint-Henri. La bibliothèque Saint-Henri possède un décor ludique et moderne et une atmosphère conviviale qui se prête aux plaisirs de la lecture. Lumineuse, colorée, elle a été aménagée spécialement pour la famille : sièges et postes de travail adaptés, espace ouvert pour l'heure du conte, salles d'animation et salles de travail, coin allaitement, chaises berçantes, tables à langer, etc. "
Saint-Laurent,Bibliothèque,Bibliothèque du Vieux-Saint-Laurent,"1380, rue de l'Église",H4L 2H2,Montréal,QC,514 855-6130,"https://www.facebook.com/bibliotheques.saint.laurent,http://ville.montreal.qc.ca/portal/page?_pageid=4276,5623059&_dad=portal&_schema=PORTAL&section=accueil&lieu=48",-73.676562200000,45.512689800000," La bibliothèque actuelle a été inaugurée en 1965. En 1990, un nouvel aménagement paysager fait place à la sculpture ""Cailloudo"", du réputé Charles Daudelin (1920-2001). ""Cailloudo"" est un bronze-fontaine dont la forme ressemble à un oeuf allongé ou un caillou usé par le temps. À partir d'un tertre de brique de béton se dessinent sur le sol les cercles que peut faire l'eau quand on y lance un caillou. Au centre de la sculpture jaillissent l'eau et la lumière. Récipiendaire du prix Paul-Émile-Borduas en 1985 et artiste reconnu comme pionnier québécois de la sculpture abstraite et de l'art intégré à l'architecture, Charles Daudelin est étroitement lié à l'histoire de Saint-Laurent puisque c'est lui qui a réalisé les décors, les affiches et les costumes des productions des Compagnons de Saint-Laurent (1937-1952), la célèbre troupe de théâtre du père Émile Legault (1906-1983). "
Saint-Léonard,Bibliothèque,Bibliothèque de Saint-Léonard,"8420, boulevard Lacordaire",H1R 3G5,Montréal,QC,514 328-8500   #8592,"https://fr-fr.facebook.com/bibliothequedesaintleonard,http://ville.montreal.qc.ca/portal/page?_pageid=4276,5623059&_dad=portal&_schema=PORTAL&section=accueil&lieu=49",-73.597192500000,45.586646000000," La première bibliothèque de Saint-Léonard est inaugurée en 1966. Elle est alors située rue Jarry, dans une maison très modeste. En 1974, le nouvel hôtel de ville et la bibliothèque actuelle sont construits côte à côte, boulevard Lacordaire. Agrandie en 1984, la bibliothèque se modernise au fil des années et abrite la splendide galerie Port-Maurice.""Trait-d'union"", une oeuvre de Michel Goulet, est installée place Roger-Nantel, face à la bibliothèque. L'ensemble sculptural est composé de douze colonnes en béton supportant différentes pierres de taille. Des quatre colonnes centrales dominant l'ensemble s'écoulent des filets d'eau glissant dans un bassin. "
Villeray–Saint-Michel–Parc-Extension,Bibliothèque,Bibliothèque de Saint-Michel,"7601, rue François-Perrault",H2A 3L6,Montréal,QC,514 872-3899,"https://www.facebook.com/bibliodesaintmichel,http://ville.montreal.qc.ca/portal/page?_pageid=4276,5623059&_dad=portal&_schema=PORTAL&section=accueil&lieu=50",-73.602391400000,45.562238000000," Témoin architectural des années 1960, la bibliothèque de Saint-Michel, située dans le parc octogonal François-Perrault, a conservé plusieurs attributs de son style d'origine, dont le mur ouest incurvé en forme de « s » allongé. Trois collections de faux vitraux ornent les fenêtres de l'entrée et la section des jeunes. Ces oeuvres aux couleurs chaudes et flamboyantes ont été réalisées en collaboration avec des partenaires du milieu. La collaboration se poursuit encore aujourd'hui, puisque la bibliothèque demeure un lieu de rencontre et d'animation très apprécié de la communauté. La proximité de la Cité des arts du cirque, dans le quartier Saint-Michel, fait en sorte que le public s'intéresse de plus en plus aux arts circassiens; la bibliothèque en tient compte dans son développement. "
Lachine,Bibliothèque,Bibliothèque de Saint-Pierre,"183, rue des Érables",H8R 1B1,Montréal,QC,514 634-3471   #826,"https://www.facebook.com/bibliothequesdelachine,http://ville.montreal.qc.ca/portal/page?_pageid=4276,5623059&_dad=portal&_schema=PORTAL&section=accueil&lieu=51",-73.651088000000,45.445771000000," Sur le mur extérieur du bâtiment de cette petite bibliothèque offrant tous les services d'une grande, on trouve depuis peu une murale peinte dans le cadre d'une association au projet ""Apprendre le graffiti"", une première pour une bibliothèque montréalaise. Cette signature démontre la volonté de faire de la bibliothèque un lieu où les jeunes pourront se reconnaître et profiter de ses services. "
Ahuntsic-Cartierville,Bibliothèque,Bibliothèque De Salaberry,"4170, rue de Salaberry",H4J 1H1,Montréal,QC,514 872-1521,"http://ville.montreal.qc.ca/portal/page?_pageid=4276,5623059&_dad=portal&_schema=PORTAL&section=accueil&lieu=54",-73.703999000000,45.534708200000," La bibliothèque De Salaberry, une des deux bibliothèques consacrées exclusivement à la jeunesse, est mise en service le 20 novembre 1964. Située en face du parc Sainte-Odile et à quelques mètres de la sortie 4 de l'autoroute 15 Nord, elle occupe une bâtisse qu'elle partage avec une caserne de pompiers, comme le voulait la tradition à l'époque. En 40 ans, la bibliothèque a développé une solide expertise qu'elle partage avec les jeunes, mais également avec les parents, les professeurs et les éducateurs. "
Lachine,Bibliothèque,Bibliothèque Saul-Bellow,"800, rue Sherbrooke",H8S 1H2,Lachine,QC,514 872-5080,"https://www.facebook.com/bibliothequesdelachine,http://ville.montreal.qc.ca/portal/page?_pageid=4276,5623059&_dad=portal&_schema=PORTAL&section=accueil&lieu=55",-73.670962100000,45.444973500000," Saul Bellow est né à Lachine le 10 juin 1915. Deux ans auparavant, ses parents émigraient de Russie. L'enfant grandit dans un quartier ouvrier de Montréal, au contact de la communauté juive. Universitaire et romancier, au confluent des cultures américaine, russe et yiddish, Saul Bellow est un moraliste, un chroniqueur de son siècle, un découvreur d'idées. Cet humaniste est considéré comme l'écrivain qui décrit le mieux l'expérience des immigrants à la découverte de leur Amérique. En 1976, son oeuvre a été couronnée par le prix Nobel de littérature. Saul Bellow est décédé le 5 avril 2005 à Brookline, au Massachussetts. Inaugurée en 1975, la bibliothèque porte son nom depuis 1984. "
Verdun,Bibliothèque,Bibliothèque Jacqueline-De Repentigny ,"5955, rue Bannantyne",H4H 1H6,Montréal,QC,514 765-7170,"https://www.facebook.com/bibliothequesdeverdun,http://ville.montreal.qc.ca/portal/page?_pageid=4276,5623059&_dad=portal&_schema=PORTAL&section=accueil&lieu=56",-73.577026900000,45.448205700000," La bibliothèque de Verdun ouvre ses portes le 9 mai 1944. Près de 4 000 résidants s'abonnent dès la première année. Puis, la bibliothèque emménage dans l'édifice actuel du centre culturel de Verdun, inauguré le 3 mai 1967. En plus de la bibliothèque, le centre culturel abrite la salle Canadiana, qui regroupe des collections d'ouvrages en histoire du Canada et en généalogie.Devant le centre culturel se dresse ""La Naissance"", une oeuvre de Claude Millette. Né au début des années 1950, ce jeune sculpteur a tout d'abord exprimé son art en s'attaquant au bois, pour ensuite couler l'acier, un métal dont il a réussi à surmonter l'austérité en faisant ressortir le velouté des surfaces. Il a, à ses débuts, reçu conseils et encouragements de la part de l'artiste québécois de renommée internationale, Armand Vaillancourt. "
Rivière-des-Prairies–Pointe-aux-Trembles,Salle de spectacle,Cégep Marie-Victorin – Salle Désilets ,"7000, rue Marie-Victorin",H1G 2J6,Montréal,QC,514 328-3878,http://www.collegemv.qc.ca/fr-CA/Accueil/Services_a_la_communaute/centre_culturel_espace_7000/index.aspx,-73.609549700000,45.615837600000," La maison de la culture Rivière-des-Prairies, en collaboration avec Centre culturel Espace 7000, utilise la Salle Désilets afin de présenter au public divers de spectacles – théâtre, danse et musique. "
Rosemont–La Petite-Patrie,Salle de spectacle,Maison de la culture Rosemont—La Petite-Patrie,"6707, avenue De Lorimier",H2G 2P8,Montréal,,514 872-1730,"http://ville.montreal.qc.ca/portal/page?_pageid=7357,75921580&_dad=portal&_schema=PORTAL",-73.598270800000,45.547387700000," La Maison de la culture Rosemont—La Petite-Patrie offre une programmation riche et variée, constituée de spectacles, conférences, expositions, musique, danse, théâtre ou encore cinéma. Avec près de 200 événements par année, elle met en avant autant des artistes de la relève que des professionnels. "
Verdun,"Salle de spectacle,Musée municipal",Maison Nivard-De Saint-Dizier,"7244, boulevard LaSalle",H4H 1R4,Montréal,QC,514 765-7284,https://www.facebook.com/MaisonNivardDeSaintDizier,-73.583064500000,45.437491700000," Reconnu monument historique et immeuble patrionial, la Maison Nivard-De Saint-Dizier, située à Verdun, propose une programmation d’activités éducatives et culturelles comme des animations historiques, des expositions, des ateliers, des conférences, des contes et des concerts. "
Côte-des-Neiges–Notre-Dame-de-Grâce,Salle de spectacle,Maison de la culture de Côte-des-Neiges,"5290, chemin de la Côte-des-Neiges",H3T 1Y2,Montréal,QC,514 872-6889,"http://ville.montreal.qc.ca/portal/page?_pageid=7497,80863570&_dad=portal&_schema=PORTAL",-73.622123400000,45.496087100000," Principale installation du quartier, la Maison de la culture de Côte-des-Neiges présente de nombreux films, concerts, spectacles et expositions dans sa salle de spectacle de 135 places et ses trois salles d’exposition. La Maison est de plus adjacente à la bibliothèque, facilitant l’accès à la culture. "
Verdun,Église,Église Notre-Dame-des-Sept-Douleurs,"4155, rue Wellington",H4G 1V8,Montréal,QC,514 761-3496,www.facebook.com/verdunenscenes,-73.567044200000,45.462718700000," Première paroisse francophone de Verdun, l’église Notre-Dame-des-Sept-Douleurs sert aujourd’hui de lieu de diffusion de la culture pour l’arrondissement. Elle offre une programmation riche en concerts et événements musicaux. "
Ahuntsic-Cartierville,Salle de spectacle,Maison de la culture Ahuntsic-Cartierville,"10300, rue Lajeunesse, 1er étage",H3L 2E5,Montréal,QC,514 872-8749,"www.facebook.com/mcahuntsic,http://ville.montreal.qc.ca/portal/page?_pageid=7957,87797581&_dad=portal&_schema=PORTAL",-73.663998500000,45.553747100000," La maison de la culture Ahuntsic-Cartierville possède une salle d'exposition ainsi qu’une une salle de spectacle de 300 places disposant d’une bonne qualité acoustique. Elle présente une programmation variée : expositions, concerts et spectacles. "
Saint-Laurent,Centre des loisirs,Centre des loisirs de Saint-Laurent,"1375, rue Grenet",H4L 5K3,Montréal,QC,514 855-6110,"https://www.facebook.com/ArrSaintLaurent,http://ville.montreal.qc.ca/portal/page?_pageid=7937,86683617&_dad=portal&_schema=PORTAL",-73.691354500000,45.514070400000," Lieu majeur de diffusion culturel dans l’arrondissement de Saint-Laurent, le Centre des loisirs de Saint-Laurent propose une programmation culturelle gratuite variée et de qualité, que ce soit spectacle de théâtre, concerts ou films. "
Le Plateau-Mont-Royal,Salle de spectacle,Maison de la culture du Plateau-Mont-Royal,"465, avenue du Mont-Royal Est",H2J 1W3,Montréal,QC,514 872-2266,"https://www.facebook.com/maisondelacultureduplateau,http://ville.montreal.qc.ca/portal/page?_pageid=7297,74439577&_dad=portal&_schema=PORTAL",-73.582369400000,45.524823900000," Carrefour culturel du Plateau-Mont-Royal, la maison de la culture met en valeur des artistes novateurs, engagés, qui font connaître aux citoyens toutes les facettes possibles de l’activité artistique. Très impliquée dans son milieu, la maison de la culture propose près de 125 représentations et une vingtaine d’expositions par an, ce qui en fait un incontournable dans l’arrondissement! "
Côte-des-Neiges–Notre-Dame-de-Grâce,Salle de spectacle,Maison de la culture de Notre-Dame-de-Grâce,"3755, rue Botrel",H4A 3G8,Montréal,QC,514 872-2157,"https://www.facebook.com/pages/Maison-de-la-culture-de-Notre-Dame-de-Gr%C3%A2ce/104441819595418?fref=ts,http://ville.montreal.qc.ca/portal/page?_pageid=7497,80868152&_dad=portal&_schema=PORTAL",-73.614579000000,45.475510000000," Seule installation culturelle municipale du quartier Notre-Dame-de-Grâce, cette maison de la culture comporte une salle de spectacle ainsi que trois salles d’exposition, permettant ainsi d’offrir concerts, films, expositions, spectacles de théâtre, de danse, de musique. Elle compte parmi les premiers lieux de diffusion du réseau ACCÈS CULTURE. "
Villeray–Saint-Michel–Parc-Extension,Salle de spectacle,Auditorium Le Prévost,"7355, avenue Christophe-Colomb",H2R 2S5,Montréal,QC,514 872-6131,"http://ville.montreal.qc.ca/portal/page?_pageid=1576,53807806&_dad=portal&_schema=PORTAL",-73.614576800000,45.543886900000," L’auditorium Le Prévost, l’une des principales salles de diffusion pour les événements de la Maison de la culture Villeray—Saint-Michel—Parc-Extension et d’une capacité de plus de 400 places, présente des spectacle de théâtre, cinéma, dance ou musique. "
Pierrefonds-Roxboro,Centre communautaire,Centre communautaire de l'Est,"9665, Gouin boulevard West",H8Y 1R4,Montreal,QC,514 684-0091,http://ville.montreal.qc.ca/culture/centre-communautaire-de-lest,-73.785883200000,45.504882300000," Composé d’une grande salle polyvalente et de nombreuses petites salles de réunion, le Centre communautaire de l’Est est un lieu culturel de qualité qui présente principalement des spectacles et des films pour enfants ainsi que des concerts de musique. "
Verdun,Centre communautaire,Centre communautaire Elgar,"260, rue Elgar",H3E 1C9,Montréal,QC,514 765-7270,"www.facebook.com/verdunenscene,http://www.accesculture.com/emplacement/CentreCommunautaireElgar",-73.546657100000,45.457140800000," Parmi les lieux de représentations de l'arrondissement de Verdun, le centre communautaire Elgar est un des principaux lieux de diffusion. Il offre au public une programmation diversifiée : spectacles, conférences, animations, expositions, musique, chanson, danse, théâtre, arts visuels. "
Pierrefonds-Roxboro,Salle de spectacle,Centre culturel de Pierrefonds,"13850, boulevard Gouin Ouest",H8Z 1X7,Montréal,QC,"514 620-4181, #203","http://ville.montreal.qc.ca/portal/page?_pageid=8377,93751586&_dad=portal&_schema=PORTAL",-73.849792800000,45.496930600000," Le centre culturel de Pierrefonds offre une programmation culturelle variée : théâtre, cinéma, chanson, musique… "
Verdun,Salle de spectacle,Centre culturel de Verdun,"5955, rue Bannantyne",H4H 1H6,Montréal,QC,514 765-7170,"www.facebook.com/verdunenscenes,http://www.accesculture.com/emplacement/Centre_culturel_de_Verdun",-73.577026900000,45.448205700000," Inauguré en 1967, le Centre culturel de Verdun accueille le public depuis maintenant 40 ans grâce à sa bibliothèque, sa salle d’exposition et sa salle de diffusion, la Salle Canadiana, et offre des spectacles, conférences, expositions et plus encore. "
LaSalle,Salle de spectacle,Centre culturel et communautaire Henri-Lemieux ,"7644, rue Édouard",H8P 1T3,Montréal,QC,514 367-5000,"http://fr-ca.facebook.com/pages/Centre-culturel-Henri-Lemieux/161718413908790,http://www.ccchl.ca/index.php?option=com_content&task=view&id=87&Itemid=99",-73.594433100000,45.430984900000," Fondé en 1986, le Centre Culturel Henri-Lemieux est composé du Théâtre du Grand Sault – petite salle accueillant de talentueux musiciens d’ici et d’ailleurs – et de la Galerie Les Trois C qui expose les oeuvres d'artistes professionnels en arts visuels. Le Centre Culturel Henri-Lemieux propose également de nombreux ateliers et activités dans les domaines du sport, de l’art, des langues ou encore de l'informatique. "
Saint-Laurent,Salle de spectacle,Centre d'exposition Lethbridge de la bibliothèque du Boisé,"2727, boulevard Thimens",H4R 1T4,Montréal,QC,514 855-6130   #4443,"https://www.facebook.com/ArrSaintLaurent,http://ville.montreal.qc.ca/portal/page?_pageid=7937,117735576&_dad=portal&_schema=PORTAL",-73.705720400000,45.502847500000," Le centre d’exposition Lethbridge de la bibliothèque du Boisé, situé dans l’arrondissement de Saint-Laurent offre un accès privilégié au travail d’artistes professionnels d’ici et d’ailleurs en proposant des expositions d’arts visuels variées et régulières. "
Anjou,Centre communautaire,Centre communautaire d’Anjou,"7800, boulevard Métropolitain Est",H1K 1A1,Anjou,QC,514 493-8222,"http://ville.montreal.qc.ca/portal/page?_dad=portal&_pageid=6958,70505573&_schema=PORTAL",-73.564166200000,45.606488000000, Centre communautaire doté d’une salle multifonctionnelle qui est utilisée régulièrement pour diffuser des spectacles présentés par l’arrondissement d’Anjou. 
Ville-Marie,Église,Chapelle historique du Bon-Pasteur,"100, rue Sherbrooke Est",H2X 1C3,Montréal,QC,514 872-5338,"http://www.accesculture.com/emplacement/Chapelle_historique_du_Bon_Pasteur,http://ville.montreal.qc.ca/portal/page?_pageid=6917,68929665&_dad=portal&_schema=PORTAL",-73.568509700000,45.513484200000," La Chapelle historique du Bon-Pasteur, important lieu culturel de l’arrondissement de Ville-Marie, présente près de 200 activités musicales chaque année et de nombreuses expositions, le tout dans un lieu ayant conservé son état original. "
Rosemont–La Petite-Patrie,Cinéma,Cinéma Beaubien,"2396, rue Beaubien Est",H2G 1N2,Montréal,QC,514 721-6060,"http://www.facebook.com/CinemaBeaubien,http://cinemabeaubien.com/",-73.592119400000,45.548052500000," Important lieu de diffusion de l’arrondissement de Rosemont–La Petite-Patrie, le Cinéma Beaubien met une priorité à programmer des films en langue française. De plus, il a pour vocation de promouvoir un cinéma de qualité du Québec et d’ailleurs. Chaque été, la maison de la culture Rosemont–La Petite-Patrie s’installe au Cinéma Beaubien pour offrir une programmation gratuite de films à voir en famille. "
Ahuntsic-Cartierville,Église,Église évangélique arménienne,"11455, rue Drouart",H3M 2S6,Montréal,QC,514 872-8749,http://www.accesculture.com/,-73.687367600000,45.536340800000, L’Église évangélique arménienne est utilisée ponctuellement par la Maison de la culture Ahuntsic-Cartierville pour présenter notamment des concerts d’orchestres classiques. 
Anjou,Église,Église Jean XXIII,"7101, avenue de l'Alsace",H1J 2K5,Montréal,QC,514 493-8200,http://www.accesculture.com/emplacement/EgliseJeanXXIII,-73.582198200000,45.604410800000," Située dans l’arrondissement d’Anjou, L’Église Jean XXIII est un lieu de diffusion pour les représentations musicales et les récitals de chansons, offerts tous les jeudis dans une ambiance intime. "
Pierrefonds-Roxboro,Église,Église Marie-Reine-de-la-Paix,"11075, boulevard Gouin Ouest",H8Y 1X6,Montréal,QC,514 624-1100,http://ville.montreal.qc.ca/culture/eglise-marie-reine-de-la-paix,-73.814117900000,45.510958900000," L’arrondissement Pierrefonds-Roxoboro utilise à l’occasion l'église Marie-Reine-de-la-Paix. Lieu de diffusion important en matière de musique classique, cette église offre une programmation riche en concerts. "
Villeray–Saint-Michel–Parc-Extension,Église,Église Saint-René-Goupil,"4251, rue du Parc-René-Goupil",H1Z 1X8,Montréal,QC,514 722-1161,https://www.facebook.com/hors.murs,-73.611760400000,45.577957700000, Cette petite église chaleureuse et intimiste située au cœur du quartier Saint-Michel accueille régulièrement des spectacles et concerts organisés par le programme Hors les murs de l’arrondissement Villeray–Saint-Michel–Parc-Extension. 
Rivière-des-Prairies–Pointe-aux-Trembles,Église,Église Saint-Joseph,"10050, boulevard Gouin Est",H1C 1A8,Montréal,QC,514 648-4650,http://ville.montreal.qc.ca/culture/eglise-saint-joseph,-73.562097200000,45.663172300000," Essentiellement utilisée pour les concerts musicaux en formule intime, l’Église Saint-Joseph est l’un des lieux utilisés par la maison de la culture Rivière-des-Prairies afin de diffuser la culture dans l’arrondissement. "
Ahuntsic-Cartierville,Église,Église de la Visitation-de-la-Bienheureuse-Vierge-Marie,"1847, boulevard Gouin Est",H2C 1C8,Montréal,QC,514 872-8749,http://mcahuntsic.com/,-73.660394200000,45.570398000000," Lieu utilisé par la Maison de la culture Ahuntsic-Cartierville principalement pour la diffusion de concerts de musique classique, l’église de la Visitation est la plus ancienne église qui subsiste sur l’île de Montréal. "
Ville-Marie,Église,Église Saint-James the Apostle,"1439, rue Sainte-Catherine Ouest",H3G 1S6,Montréal,QC,514 849-7577,http://ville.montreal.qc.ca/culture/eglise-de-la-visitation-de-la-bienheureuse-vierge-marie,-73.576410000000,45.496527100000, Cette magnifique église néogothique dotée d’un orgue Casavant est utilisée régulièrement par l’arrondissement Ville-Marie pour diffuser des concerts ouverts à tous. 
Outremont,Salle de spectacle,Galerie d'art d'Outremont,"41, avenue Saint-Just",H2V 4T7,Montréal,QC,514 495-7419,"https://www.facebook.com/pages/La-Galerie-dart-dOutremont/145351937539,http://www.galeriedartdoutremont.ca/",-73.608501100000,45.517746000000," Située à proximité de la bibliothèque Robert-Bourassa, la galerie d'art d'Outremont est un important lieu de diffusion artistique depuis 1993. Son objectif est de familiariser le public le plus large possible aux différentes avenues de l'art contemporain. Pour ce faire, la galerie diffuse les œuvres d'artistes professionnels et réserve à chacun une période d'exposition qui lui est exclusive. "
Saint-Léonard,Salle de spectacle,Galerie Port-Maurice,"8420, boulevard Lacordaire",H1R 3G5,Montréal,QC,514 328-8500   #8514,"https://fr-fr.facebook.com/bibliothequedesaintleonard,http://ville.montreal.qc.ca/portal/page?_pageid=7157,73215656&_dad=portal&_schema=PORTAL",-73.597192500000,45.586646000000," Galerie municipale fondée par la Ville de Saint-Léonard en 1979, la galerie Port-Maurice a pour objectif de sensibiliser la population aux différents courants contemporains d’arts visuels. À travers les expositions et vernissages, le public est invité à découvrir les démarches de la création artistique tout en s’appropriant l’interprétation des œuvres exposées. "
Anjou,Salle de spectacle,Galerie d'art Goncourt,"75000, avenue Goncourt",H1K 3X9,Anjou,QC,514 493-8200,http://ville.montreal.qc.ca/culture/galerie-dart-goncourt,-73.550423700000,45.601994500000, La Galerie d'art Goncourt se trouve dans la salle d’animation de la bibliothèque Jean-Corbeil et permet la diffusion d'expositions d'arts visuels. 
Rivière-des-Prairies–Pointe-aux-Trembles,Salle de spectacle,Maison Antoine-Beaudry,"14678, rue Notre-Dame Est",H1A 1W1,Montréal,QC,514 872-2240,"http://ville.montreal.qc.ca/portal/page?_pageid=7697,84005590&_dad=portal&_schema=PORTAL",-73.492543900000,45.677073500000," Située à Pointe-aux-Trembles au bord du fleuve, la Maison Antoine-Beaudry, classée monument historique en 1979, accueille depuis 15 ans la maison de la culture Pointe-aux-Trembles et diffuse des événements culturels tels que, des expositions, des spectacles, des ateliers, des conférences et des activités en plein air. "
Montréal-Nord,Salle de spectacle,Maison Brignon-dit-Lapierre,"4251, boulevard Gouin Est",H1H 5L9,Montréal,QC,514-328-4759,"http://ville.montreal.qc.ca/portal/page?_pageid=8717,97083756&_dad=portal&_schema=PORTAL",-73.643248700000,45.599477800000," Lieu historique de l’arrondissement Montréal-Nord datant de 1770, la Maison Brignon-dit-Lapierre accueille les citoyens et touristes pour des visites commentées mais également des soirées animées par des conteurs et des bonimenteurs, des spectacles variés et des ateliers de création artistique. "
Montréal-Nord,"Bibliothèque,Centre communautaire,Salle de spectacle",Maison culturelle et communautaire de Montréal-Nord,"12004, boulevard Rolland",H1G 3W1,Montréal,QC,514 328-4000   #5630,"http://ville.montreal.qc.ca/portal/page?_pageid=8717,97083777&_dad=portal&_schema=PORTAL",-73.620826100000,45.616395300000," La Maison culturelle et communautaire de Montréal-Nord est un important lieu de diffusion dans son arrondissement. Elle abrite une bibliothèque qui offre des collections variées pour tous les groupes d'âge, 16 postes informatiques et une grande salle réservée aux nombreuses animations. Elle comprend également une salle de spectacle de 234 sièges et une salle de répétition. La compagnie de danse Bouge de là y réside six semaines par année.La Maison regroupe également une salle d'exposition, une agora, 16 salles réservées aux activités communautaires, incluant un studio d'enregistrement et de radio communautaire. Le CPE Mini-Fée, l’espace de restauration Les Fourchettes de l’espoir et les bureaux administratifs de l’organisme Un itinéraire pour tous y logent également.La Maison culturelle et communautaire de Montréal-Nord est un lieu convivial et ouvert à la communauté.  "
Ville-Marie,Salle de spectacle,Maison de la culture Frontenac,"2550, rue Ontario",H2K 1W7,Montréal,QC,514 872-7882,"https://www.facebook.com/McFrontenac,http://ville.montreal.qc.ca/portal/page?_pageid=7317,78869689&_dad=portal&_schema=PORTAL",-73.552612700000,45.533017600000," Située dans l’arrondissement Ville-Marie, la Maison de la culture Frontenac est un haut lieu de découvertes dans toutes les disciplines artistiques avec ses 150 événements présentés chaque année, tels que des spectacles, concerts et expositions, le tout dans deux salles d’expositions, une salle de spectacle et un hall d’entrée. "
Mercier–Hochelaga-Maisonneuve,Salle de spectacle,Maison de la culture Maisonneuve,"4200, rue Ontario Est",H1V 1K1,Montréal,QC,514 872-2200,"http://www.facebook.com/mc.maisonneuve,http://ville.montreal.qc.ca/portal/page?_dad=portal&_pageid=95,244952&_schema=PORTAL",-73.540673800000,45.551128900000," La maison de la culture Maisonneuve accueille les citoyens de son quartier pour des spectacles de toutes sortes. Initiatrice de nombreux événements, la maison de la culture offre une programmation diversifiée : spectacles, cinéma, conférences, lectures, expositions et événements. "
Le Sud-Ouest,Salle de spectacle,Maison de la culture Marie-Uguay,"6052, boulevard Monk",H4E 3H6,Montréal,QC,514 872-2044,"http://www.facebook.com/pages/Maison-de-laculture-Marie-Uguay/124989911546,http://ville.montreal.qc.ca/portal/page?_pageid=7757,84579615&_dad=portal&_schema=PORTAL",-73.595553100000,45.457716900000," Lieu de rendez-vous des artistes en émergence ou encore des grands noms de la chanson de l’arrondissement du Sud-Ouest, la maison de la culture Marie-Uguay offre à l’année longue des événements culturels incontournables dans ses salles de spectacles, de conférences ou d’expositions. "
Mercier–Hochelaga-Maisonneuve,Salle de spectacle,Maison de la culture Mercier,"8105, rue Hochelaga",H1L 2K9,Montréal,QC,514 872-8755,"https://www.facebook.com/maisondelaculturemercier,http://ville.montreal.qc.ca/portal/page?_pageid=95,244956&_dad=portal&_schema=PORTAL",-73.523621500000,45.595469100000," La Maison de la culture Mercier, localisée dans l’arrondissement Mercier—Hochelaga-Maisonneuve, accueille de nombreux spectacles, ateliers et activités dans sa salle d’exposition, son studio multifonctionnel et sa salle de spectacle. "
Rivière-des-Prairies–Pointe-aux-Trembles,Salle de spectacle,Maison de la culture Pointe-aux-Trembles,"14001, rue Notre-Dame Est",H1A 1T9,Montréal,QC,514 872-2240,"http://ville.montreal.qc.ca/portal/page?_pageid=7697,84005590&_dad=portal&_schema=PORTAL",-73.494549200000,45.668145600000," La maison de la culture Pointe-aux-Trembles a pour mission de favoriser l'accès à la culture pour tous en mettant les citoyens en contact avec des manifestations culturelles et professionnelles sous toutes les formes. Ainsi, à travers le théâtre, la musique, la chanson, le cinéma, les arts visuels, la danse et le patrimoine, la maison de la culture offre une programmation variée et de grande qualité. "
Rivière-des-Prairies–Pointe-aux-Trembles,Salle de spectacle,Maison Pierre-Chartrand,"8000, boulevard Gouin Est",H1E 1B5,Montréal,QC,514 872-9814,"http://ville.montreal.qc.ca/portal/page?_pageid=7697,84019576&_dad=portal&_schema=PORTAL",-73.598946900000,45.642421100000," La Maison Pierre-Chartrand abrite les bureaux administratifs de la Maison de la culture Rivière-des-Prairies. Des expositions et, à l’occasion, des activités culturelles ou des animations y sont présentées. La maison de la culture Rivière-des-Prairies est en mode de diffusion hors les murs. Les événements dans le quartier Rivière-des-Prairies sont donc présentés dans différents lieux tels que la bibliothèque Rivière-des-Prairies, l’Église Saint-Joseph et la salle Désilets du Cégep Marie-Victorin. "
Lachine,Salle de spectacle,Pavillon de l'Entrepôt - Complexe culturel Guy-Descary,"2901, boulevard Saint-Joseph",H8S 4B7,Montréal,QC,514 634-3471   #302 ou 828,"https://www.facebook.com/salledespectacleentrepot,http://ville.montreal.qc.ca/portal/page?_pageid=8117,89115662&_dad=portal&_schema=PORTAL",-73.689919700000,45.433545600000," Le Complexe culturel Guy Descary comprend une salle d’exposition temporaire, une salle d’exposition permanente, trois salles polyvalentes et une salle de spectacle. Ce complexe regroupe trois bâtiments : la Vieille brasserie, l’Entrepôt et la Maison du brasseur. L’ancien entrepôt de pierre de la Brasserie Dawes construit dans les années 1860 abrite aujourd’hui une salle de spectacle de 320 places d’une grande qualité scénographique et acoustique. Le bâtiment abrite aussi une salle d’exposition d’arts visuels où sont présentés, tout au long de l’année, les oeuvres d'artistes multidisciplinaires et multiculturels. Le sous-sol de l’Entrepôt accueille également une exposition permanente du Musée de Lachine. "
Rosemont–La Petite-Patrie,Salle de spectacle,Salle Jean-Eudes,"3535, boulevard Rosemont",H1X 1K7,Montréal,QC,514 376-5740   #1140,http://www.jeaneudes.qc.ca/le-college/installation-et-location/salle-jean-eudes/,-73.578693500000,45.555336100000," Principale salle de diffusion des spectacles organisés par la maison de la culture Rosemont–Petite-Patrie, la salle Jean-Eudes possède plus de 400 places assises et a été spécialement conçue pour accueillir des spectacles de danse. "
Villeray–Saint-Michel–Parc-Extension,Salle de spectacle,Maison de la culture Villeray–Saint-Michel–Parc-Extension - Salle de diffusion Parc-Extension,"421, rue Saint-Roch",H3N 1K2,Montréal,QC,514 872-8124,"http://ville.montreal.qc.ca/portal/page?_pageid=8638,95881640&_dad=portal&_schema=PORTAL",-73.628496700000,45.531173700000," La Salle de diffusion Parc-Extension, d’une capacité de plus de 123 places, est une des salles d’activité souvent utilisée pour l’organisation des événements de la Maison de la culture Villeray–Saint-Michel–Parc-Extension. Elle accueille de nombreux spectacles de musique, de théâtre, de danse et des expositions d’arts visuels. "
L’Île-Bizard–Sainte-Geneviève,Salle de spectacle,Salle Pauline-Julien,"15615, boulevard Gouin Ouest",H9H 5K8,Montréal,QC,514 626-1616,"http://www.facebook.com/pages/Salle-Pauline-Julien/368425450826?ref=ts,http://www.pauline-julien.com/",-73.869385000000,45.483490300000," Diffuseur majeur dans l’arrondissement de L’Île-Bizard–Sainte-Geneviève, la Salle Pauline-Julien offre à la communauté un éventail de spectacles professionnels diversifiés ainsi qu’une programmation cinématographique de qualité. "
Saint-Léonard,Salle de spectacle,Salle d’activités - Saint-Léonard,"8420, boulevard Lacordaire",H1R 3G5,Montréal,QC,514 328-8500   #8518,"https://fr-fr.facebook.com/bibliothequedesaintleonard,http://ville.montreal.qc.ca/portal/page?_pageid=7157,73215656&_dad=portal&_schema=PORTAL",-73.597192500000,45.586646000000," Située dans le hall de la Bibliothèque de Saint-Léonard, la salle d’activité contribue aujourd’hui à diffuser des spectacles de musique de la relève, des films, des conférences et des spectacles pour les tout-petits. "
Saint-Laurent,Salle de spectacle,Salle Émile-Legault,"613, avenue Sainte-Croix",H4L 3X7,Montréal,QC,514 855-6110,"https://www.facebook.com/ArrSaintLaurent,ville.montreal.qc.ca/saint-laurent",-73.672501700000,45.511694400000," Entièrement rénovée en 2011, la salle de spectacle Émile-Legault est située dans le Cégep Saint-Laurent. Cette salle, d’une capacité de 471 sièges, accueille de nombreux événements et activités organisés par l’arrondissement, tels que des spectacles de danse, de théâtre et de musique. "
Le Plateau-Mont-Royal,Théâtre,Théâtre de Verdure,Parc La Fontaine,H3C 0G4,Montréal,QC,Informations 311,"https://www.facebook.com/TheatreVerdure/, http://ville.montreal.qc.ca/portal/page?_pageid=7297,74441594&_dad=portal&_schema=PORTAL",-73.553505400000,45.496053400000," Théâtre extérieur situé au parc La Fontaine, le théâtre de Verdure a pour vocation de diffuser des spectacles professionnels et des films durant la saison estivale. Sa programmation gratuite attire plus de 65 000 personnes chaque année : les habitants du quartier, mais aussi les citoyens et touristes de toute la ville.Le théâtre de Verdure est fermé pour rénovation. En attendant la fin des travaux, profitez des nombreuses activités culturelles offertes près de chez vous.accesculture.comInformations : 311 "
Saint-Léonard,Théâtre,Théâtre Mirella et Lino Saputo,"8370, boulevard Lacordaire",H1R 3Y6,Montréal,QC,514-955-8370,"https://fr-ca.facebook.com/stleonard,http://www.centreleonardodavinci.com/fr/saputo_theatre.php",-73.595683600000,45.585930900000," L’arrondissement de Saint-Léonard présente au Théâtre Mirella et Lino Saputo la très grande majorité de ses spectacles dans le cadre de la Saison culturelle. Le Théâtre propose également de nombreux concerts, pièces de théâtre, spectacles pour la famille. "
Outremont,"Cinéma,Théâtre",Théâtre Outremont,"1248, avenue Bernard Ouest",H2V 1V6,Montréal,QC,514 495-9944,"https://www.facebook.com/theatre.outremont?fref=ts,http://www.theatreoutremont.ca/",-73.608956100000,45.520107400000," Le Théâtre Outremont, classé lieu historique national en 1993 et bien culturel en 1994, est à la fois un cinéma de répertoire et un lieu de spectacles d’envergure. Ce lieu de diffusion phare dans l’arrondissement d’Outremont propose une programmation en cinéma, en danse, en musique et en théâtre. "
Ville-Marie,Musée municipal,Centre d’histoire de Montréal,"335, place D'Youville",H2Y 3T1,Montréal,QC,514 872-3207,"https://www.facebook.com/chmmtl,http://ville.montreal.qc.ca/portal/page?_pageid=8757,97305573&_dad=portal&_schema=PORTAL",-73.555722500000,45.501031100000," Situé dans une ancienne caserne de pompiers, le Centre d'histoire de Montréal a pour mission de faire connaître, comprendre et apprécier la ville de Montréal d'aujourd'hui et la diversité de son patrimoine. Ainsi, les visiteurs pourront découvrir comment l'histoire des citoyens, qui ont habité et qui habitent encore Montréal, a façonné l'environnement urbain, laissé des traces et défini l'identité de la métropole. "
Rosemont–La Petite-Patrie,"Espace pour la vie,Musée municipal",Insectarium de Montréal,"4581, rue Sherbrooke Est",H1X 2B2,Montréal,QC,514 872-1400,"http://www.facebook.com/Espacepourlavie,http://espacepourlavie.ca/insectarium",-73.557966900000,45.560949000000," Sortez de votre cocon à Espace pour la vie. Faites connaissance avec les champions de la nature à l’Insectarium. Observez le fascinant travail des fourmis coupeuses de feuilles en pleine action, écoutez le chant de la cigale et amusez-vous en famille à distinguer les phasmes des feuilles dans leur vivarium.  Venez admirer la délicatesse, la splendeur et l’ingéniosité des plus captivants spécimens de notre collection.  "
Rosemont–La Petite-Patrie,"Espace pour la vie,Musée municipal",Jardin botanique de Montréal,"4101, rue Sherbrooke Est",H1X 2B2,Montréal,QC,514 872-1400,"http://www.facebook.com/Espacepourlavie,http://espacepourlavie.ca/jardin-botanique",-73.558102000000,45.558295000000," Cultivez une parcelle de bonheur à Espace pour la vie. Besoin de sérénité? Ici, un lotus sur le point d’ouvrir, là, un saule offre sa fraîcheur, plus loin, une rose parfume le vent. Besoin d’évasion? Partez à la découverte des bananiers, plants de cannelle, orchidées et penjing dans les serres. Besoin de sortir? Faites votre choix parmi un bouquet d’événements culturels pour toute la famille. Laissez-vous inspirer.  "
Lachine,Musée municipal,Musée de Lachine,"1, chemin du Musée",H8S 4L9,Lachine,QC,514 634-3478,"https://www.facebook.com/VieuxLachineBergesEtCulture,www.museedelachine.com,http://ville.montreal.qc.ca/portal/page?_pageid=3156,3575643&_dad=portal&_schema=PORTAL",-73.665976400000,45.430984700000," En bordure du fleuve Saint-Laurent, à 10 km du centre-ville de Montréal, l'art et l'histoire se rejoignent, occupent un même espace. Le Musée de Lachine regroupe le Site patrimonial LeBer-LeMoyne accompagné d’une collection archéologique classée, les bâtiments complets les plus anciens de l'île de Montréal et un jardin de sculptures contemporaines d'envergure, le Musée plein air de Lachine. De plus, le Musée offre une série d'expositions et d'activités qui susciteront l’intérêt du public et feront vivre une expérience unique. "
Mercier–Hochelaga-Maisonneuve,"Espace pour la vie,Musée municipal",Planétarium Rio Tinto Alcan,"4801, Pierre-De-Coubertin avenue",H1V 3V4,Montreal,QC,514 868-3000,"http://www.facebook.com/Espacepourlavie,http://espacepourlavie.ca/planetarium",-73.550248300000,45.560839900000," Changez de perspective à Espace pour la vie. Partez à la découverte du plus beau ciel étoilé de Montréal en compagnie  d’un animateur chevronné. Tel un explorateur, entreprenez un fascinant voyage virtuel qui vous mènera à des milliers d’années-lumière de la Terre, jusqu’au-delà des étoiles !  "
Ville-Marie,Musée municipal,"Pointe-à-Callière, cité d'archéologie et d'histoire de Montréal","350, Place Royale",H2Y 3Y5,Montréal,QC,514 872-9150,"http://www.facebook.com/PointeaCalliere,http://pacmusee.qc.ca",-73.554059200000,45.502567800000," Le Musée, édifié sur les lieux de la fondation de Montréal, révèle des vestiges de la ville grâce à un parcours souterrain. Classé site archéologique et historique national, Pointe-à-Callière est un ensemble de sites, de bâtiments et de collections qui forment un complexe culturel unique livrant au public la mémoire de la ville. En plus de ses expositions permanentes et de son spectacle multimédia, le Musée présente régulièrement des expositions temporaires nationales et internationales, en plus de proposer un grand nombre d’activités culturelles, ainsi que des programmes éducatifs. "
